Date,Measure,Value,Category
01/01/2015, Proportion , 12 ,Clothing
01/02/2015, Proportion , 12 ,Clothing
01/03/2015, Proportion , 12 ,Clothing
01/04/2015, Proportion , 12 ,Clothing
01/05/2015, Proportion , 12 ,Clothing
01/06/2015, Proportion , 13 ,Clothing
01/07/2015, Proportion , 12 ,Clothing
01/08/2015, Proportion , 14 ,Clothing
01/09/2015, Proportion , 13 ,Clothing
01/10/2015, Proportion , 13 ,Clothing
01/11/2015, Proportion , 14 ,Clothing
01/12/2015, Proportion , 14 ,Clothing
01/01/2016, Proportion , 13 ,Clothing
01/02/2016, Proportion , 13 ,Clothing
01/03/2016, Proportion , 13 ,Clothing
01/04/2016, Proportion , 14 ,Clothing
01/05/2016, Proportion , 14 ,Clothing
01/06/2016, Proportion , 14 ,Clothing
01/07/2016, Proportion , 13 ,Clothing
01/08/2016, Proportion , 14 ,Clothing
01/09/2016, Proportion , 14 ,Clothing
01/10/2016, Proportion , 14 ,Clothing
01/11/2016, Proportion , 15 ,Clothing
01/12/2016, Proportion , 14 ,Clothing
01/01/2017, Proportion , 15 ,Clothing
01/02/2017, Proportion , 15 ,Clothing
01/03/2017, Proportion , 15 ,Clothing
01/04/2017, Proportion , 14 ,Clothing
01/05/2017, Proportion , 15 ,Clothing
01/06/2017, Proportion , 15 ,Clothing
01/07/2017, Proportion , 15 ,Clothing
01/08/2017, Proportion , 16 ,Clothing
01/09/2017, Proportion , 16 ,Clothing
01/10/2017, Proportion , 16 ,Clothing
01/11/2017, Proportion , 16 ,Clothing
01/12/2017, Proportion , 16 ,Clothing
01/01/2018, Proportion , 17 ,Clothing
01/02/2018, Proportion , 16 ,Clothing
01/03/2018, Proportion , 17 ,Clothing
01/04/2018, Proportion , 18 ,Clothing
01/05/2018, Proportion , 18 ,Clothing
01/06/2018, Proportion , 17 ,Clothing
01/07/2018, Proportion , 17 ,Clothing
01/08/2018, Proportion , 18 ,Clothing
01/09/2018, Proportion , 18 ,Clothing
01/10/2018, Proportion , 18 ,Clothing
01/11/2018, Proportion , 18 ,Clothing
01/12/2018, Proportion , 18 ,Clothing
01/01/2019, Proportion , 18 ,Clothing
01/02/2019, Proportion , 17 ,Clothing
01/03/2019, Proportion , 18 ,Clothing
01/04/2019, Proportion , 18 ,Clothing
01/05/2019, Proportion , 19 ,Clothing
01/06/2019, Proportion , 20 ,Clothing
01/07/2019, Proportion , 19 ,Clothing
01/08/2019, Proportion , 18 ,Clothing
01/09/2019, Proportion , 19 ,Clothing
01/10/2019, Proportion , 19 ,Clothing
01/11/2019, Proportion , 19 ,Clothing
01/12/2019, Proportion , 18 ,Clothing
01/01/2020, Proportion , 19 ,Clothing
01/02/2020, Proportion , 21 ,Clothing
01/03/2020, Proportion , 27 ,Clothing
01/04/2020, Proportion , 50 ,Clothing
01/05/2020, Proportion , 48 ,Clothing
01/06/2020, Proportion , 41 ,Clothing
01/07/2020, Proportion , 31 ,Clothing
01/08/2020, Proportion , 30 ,Clothing
01/09/2020, Proportion , 29 ,Clothing
01/10/2020, Proportion , 30 ,Clothing
01/11/2020, Proportion , 42 ,Clothing
01/12/2020, Proportion , 33 ,Clothing
01/01/2021, Proportion , 51 ,Clothing
01/02/2021, Proportion , 65 ,Clothing
01/03/2021, Proportion , 55 ,Clothing
01/04/2021, Proportion , 32 ,Clothing
01/05/2021, Proportion , 30 ,Clothing
01/06/2021, Proportion , 30 ,Clothing
01/07/2021, Proportion , 30 ,Clothing
01/08/2021, Proportion , 30 ,Clothing
01/09/2021, Proportion , 29 ,Clothing
01/10/2021, Proportion , 29 ,Clothing
01/11/2021, Proportion , 27 ,Clothing
01/12/2021, Proportion , 29 ,Clothing
01/01/2022, Proportion , 29 ,Clothing
01/02/2022, Proportion , 27 ,Clothing
01/03/2022, Proportion , 26 ,Clothing
01/04/2022, Proportion , 27 ,Clothing
01/05/2022, Proportion , 26 ,Clothing
01/01/2015, Volume , 95 ,Clothing
01/02/2015, Volume , 97 ,Clothing
01/03/2015, Volume , 98 ,Clothing
01/04/2015, Volume , 100 ,Clothing
01/05/2015, Volume , 97 ,Clothing
01/06/2015, Volume , 99 ,Clothing
01/07/2015, Volume , 94 ,Clothing
01/08/2015, Volume , 97 ,Clothing
01/09/2015, Volume , 97 ,Clothing
01/10/2015, Volume , 95 ,Clothing
01/11/2015, Volume , 96 ,Clothing
01/12/2015, Volume , 93 ,Clothing
01/01/2016, Volume , 94 ,Clothing
01/02/2016, Volume , 93 ,Clothing
01/03/2016, Volume , 90 ,Clothing
01/04/2016, Volume , 92 ,Clothing
01/05/2016, Volume , 93 ,Clothing
01/06/2016, Volume , 92 ,Clothing
01/07/2016, Volume , 96 ,Clothing
01/08/2016, Volume , 94 ,Clothing
01/09/2016, Volume , 92 ,Clothing
01/10/2016, Volume , 99 ,Clothing
01/11/2016, Volume , 95 ,Clothing
01/12/2016, Volume , 95 ,Clothing
01/01/2017, Volume , 96 ,Clothing
01/02/2017, Volume , 97 ,Clothing
01/03/2017, Volume , 98 ,Clothing
01/04/2017, Volume , 97 ,Clothing
01/05/2017, Volume , 97 ,Clothing
01/06/2017, Volume , 98 ,Clothing
01/07/2017, Volume , 97 ,Clothing
01/08/2017, Volume , 99 ,Clothing
01/09/2017, Volume , 97 ,Clothing
01/10/2017, Volume , 97 ,Clothing
01/11/2017, Volume , 98 ,Clothing
01/12/2017, Volume , 97 ,Clothing
01/01/2018, Volume , 96 ,Clothing
01/02/2018, Volume , 96 ,Clothing
01/03/2018, Volume , 94 ,Clothing
01/04/2018, Volume , 97 ,Clothing
01/05/2018, Volume , 99 ,Clothing
01/06/2018, Volume , 98 ,Clothing
01/07/2018, Volume , 99 ,Clothing
01/08/2018, Volume , 97 ,Clothing
01/09/2018, Volume , 98 ,Clothing
01/10/2018, Volume , 99 ,Clothing
01/11/2018, Volume , 99 ,Clothing
01/12/2018, Volume , 101 ,Clothing
01/01/2019, Volume , 100 ,Clothing
01/02/2019, Volume , 100 ,Clothing
01/03/2019, Volume , 103 ,Clothing
01/04/2019, Volume , 105 ,Clothing
01/05/2019, Volume , 98 ,Clothing
01/06/2019, Volume , 100 ,Clothing
01/07/2019, Volume , 100 ,Clothing
01/08/2019, Volume , 100 ,Clothing
01/09/2019, Volume , 100 ,Clothing
01/10/2019, Volume , 100 ,Clothing
01/11/2019, Volume , 97 ,Clothing
01/12/2019, Volume , 99 ,Clothing
01/01/2020, Volume , 101 ,Clothing
01/02/2020, Volume , 101 ,Clothing
01/03/2020, Volume , 66 ,Clothing
01/04/2020, Volume , 32 ,Clothing
01/05/2020, Volume , 39 ,Clothing
01/06/2020, Volume , 66 ,Clothing
01/07/2020, Volume , 77 ,Clothing
01/08/2020, Volume , 86 ,Clothing
01/09/2020, Volume , 86 ,Clothing
01/10/2020, Volume , 86 ,Clothing
01/11/2020, Volume , 68 ,Clothing
01/12/2020, Volume , 83 ,Clothing
01/01/2021, Volume , 53 ,Clothing
01/02/2021, Volume , 51 ,Clothing
01/03/2021, Volume , 59 ,Clothing
01/04/2021, Volume , 99 ,Clothing
01/05/2021, Volume , 93 ,Clothing
01/06/2021, Volume , 91 ,Clothing
01/07/2021, Volume , 88 ,Clothing
01/08/2021, Volume , 94 ,Clothing
01/09/2021, Volume , 95 ,Clothing
01/10/2021, Volume , 100 ,Clothing
01/11/2021, Volume , 101 ,Clothing
01/12/2021, Volume , 90 ,Clothing
01/01/2022, Volume , 89 ,Clothing
01/02/2022, Volume , 99 ,Clothing
01/03/2022, Volume , 99 ,Clothing
01/04/2022, Volume , 99 ,Clothing
01/05/2022, Volume , 101 ,Clothing
01/01/2015, Proportion , 4 ,Supermarkets
01/02/2015, Proportion , 4 ,Supermarkets
01/03/2015, Proportion , 4 ,Supermarkets
01/04/2015, Proportion , 4 ,Supermarkets
01/05/2015, Proportion , 4 ,Supermarkets
01/06/2015, Proportion , 4 ,Supermarkets
01/07/2015, Proportion , 4 ,Supermarkets
01/08/2015, Proportion , 5 ,Supermarkets
01/09/2015, Proportion , 4 ,Supermarkets
01/10/2015, Proportion , 4 ,Supermarkets
01/11/2015, Proportion , 4 ,Supermarkets
01/12/2015, Proportion , 5 ,Supermarkets
01/01/2016, Proportion , 5 ,Supermarkets
01/02/2016, Proportion , 5 ,Supermarkets
01/03/2016, Proportion , 5 ,Supermarkets
01/04/2016, Proportion , 5 ,Supermarkets
01/05/2016, Proportion , 5 ,Supermarkets
01/06/2016, Proportion , 5 ,Supermarkets
01/07/2016, Proportion , 5 ,Supermarkets
01/08/2016, Proportion , 5 ,Supermarkets
01/09/2016, Proportion , 5 ,Supermarkets
01/10/2016, Proportion , 5 ,Supermarkets
01/11/2016, Proportion , 6 ,Supermarkets
01/12/2016, Proportion , 6 ,Supermarkets
01/01/2017, Proportion , 5 ,Supermarkets
01/02/2017, Proportion , 5 ,Supermarkets
01/03/2017, Proportion , 5 ,Supermarkets
01/04/2017, Proportion , 5 ,Supermarkets
01/05/2017, Proportion , 5 ,Supermarkets
01/06/2017, Proportion , 5 ,Supermarkets
01/07/2017, Proportion , 6 ,Supermarkets
01/08/2017, Proportion , 6 ,Supermarkets
01/09/2017, Proportion , 6 ,Supermarkets
01/10/2017, Proportion , 6 ,Supermarkets
01/11/2017, Proportion , 6 ,Supermarkets
01/12/2017, Proportion , 6 ,Supermarkets
01/01/2018, Proportion , 6 ,Supermarkets
01/02/2018, Proportion , 6 ,Supermarkets
01/03/2018, Proportion , 6 ,Supermarkets
01/04/2018, Proportion , 6 ,Supermarkets
01/05/2018, Proportion , 6 ,Supermarkets
01/06/2018, Proportion , 6 ,Supermarkets
01/07/2018, Proportion , 6 ,Supermarkets
01/08/2018, Proportion , 6 ,Supermarkets
01/09/2018, Proportion , 6 ,Supermarkets
01/10/2018, Proportion , 6 ,Supermarkets
01/11/2018, Proportion , 6 ,Supermarkets
01/12/2018, Proportion , 6 ,Supermarkets
01/01/2019, Proportion , 5 ,Supermarkets
01/02/2019, Proportion , 6 ,Supermarkets
01/03/2019, Proportion , 5 ,Supermarkets
01/04/2019, Proportion , 6 ,Supermarkets
01/05/2019, Proportion , 6 ,Supermarkets
01/06/2019, Proportion , 5 ,Supermarkets
01/07/2019, Proportion , 6 ,Supermarkets
01/08/2019, Proportion , 6 ,Supermarkets
01/09/2019, Proportion , 6 ,Supermarkets
01/10/2019, Proportion , 6 ,Supermarkets
01/11/2019, Proportion , 6 ,Supermarkets
01/12/2019, Proportion , 5 ,Supermarkets
01/01/2020, Proportion , 5 ,Supermarkets
01/02/2020, Proportion , 5 ,Supermarkets
01/03/2020, Proportion , 6 ,Supermarkets
01/04/2020, Proportion , 9 ,Supermarkets
01/05/2020, Proportion , 11 ,Supermarkets
01/06/2020, Proportion , 11 ,Supermarkets
01/07/2020, Proportion , 11 ,Supermarkets
01/08/2020, Proportion , 11 ,Supermarkets
01/09/2020, Proportion , 11 ,Supermarkets
01/10/2020, Proportion , 11 ,Supermarkets
01/11/2020, Proportion , 11 ,Supermarkets
01/12/2020, Proportion , 12 ,Supermarkets
01/01/2021, Proportion , 12 ,Supermarkets
01/02/2021, Proportion , 12 ,Supermarkets
01/03/2021, Proportion , 11 ,Supermarkets
01/04/2021, Proportion , 11 ,Supermarkets
01/05/2021, Proportion , 11 ,Supermarkets
01/06/2021, Proportion , 10 ,Supermarkets
01/07/2021, Proportion , 10 ,Supermarkets
01/08/2021, Proportion , 10 ,Supermarkets
01/09/2021, Proportion , 10 ,Supermarkets
01/10/2021, Proportion , 10 ,Supermarkets
01/11/2021, Proportion , 10 ,Supermarkets
01/12/2021, Proportion , 11 ,Supermarkets
01/01/2022, Proportion , 9 ,Supermarkets
01/02/2022, Proportion , 9 ,Supermarkets
01/03/2022, Proportion , 9 ,Supermarkets
01/04/2022, Proportion , 9 ,Supermarkets
01/05/2022, Proportion , 9 ,Supermarkets
01/01/2015, Volume , 93 ,Supermarkets
01/02/2015, Volume , 94 ,Supermarkets
01/03/2015, Volume , 94 ,Supermarkets
01/04/2015, Volume , 94 ,Supermarkets
01/05/2015, Volume , 94 ,Supermarkets
01/06/2015, Volume , 95 ,Supermarkets
01/07/2015, Volume , 94 ,Supermarkets
01/08/2015, Volume , 93 ,Supermarkets
01/09/2015, Volume , 96 ,Supermarkets
01/10/2015, Volume , 95 ,Supermarkets
01/11/2015, Volume , 95 ,Supermarkets
01/12/2015, Volume , 96 ,Supermarkets
01/01/2016, Volume , 97 ,Supermarkets
01/02/2016, Volume , 97 ,Supermarkets
01/03/2016, Volume , 97 ,Supermarkets
01/04/2016, Volume , 96 ,Supermarkets
01/05/2016, Volume , 98 ,Supermarkets
01/06/2016, Volume , 97 ,Supermarkets
01/07/2016, Volume , 97 ,Supermarkets
01/08/2016, Volume , 98 ,Supermarkets
01/09/2016, Volume , 98 ,Supermarkets
01/10/2016, Volume , 99 ,Supermarkets
01/11/2016, Volume , 98 ,Supermarkets
01/12/2016, Volume , 97 ,Supermarkets
01/01/2017, Volume , 98 ,Supermarkets
01/02/2017, Volume , 98 ,Supermarkets
01/03/2017, Volume , 99 ,Supermarkets
01/04/2017, Volume , 99 ,Supermarkets
01/05/2017, Volume , 98 ,Supermarkets
01/06/2017, Volume , 98 ,Supermarkets
01/07/2017, Volume , 98 ,Supermarkets
01/08/2017, Volume , 98 ,Supermarkets
01/09/2017, Volume , 98 ,Supermarkets
01/10/2017, Volume , 99 ,Supermarkets
01/11/2017, Volume , 99 ,Supermarkets
01/12/2017, Volume , 99 ,Supermarkets
01/01/2018, Volume , 98 ,Supermarkets
01/02/2018, Volume , 99 ,Supermarkets
01/03/2018, Volume , 97 ,Supermarkets
01/04/2018, Volume , 98 ,Supermarkets
01/05/2018, Volume , 100 ,Supermarkets
01/06/2018, Volume , 101 ,Supermarkets
01/07/2018, Volume , 100 ,Supermarkets
01/08/2018, Volume , 100 ,Supermarkets
01/09/2018, Volume , 99 ,Supermarkets
01/10/2018, Volume , 99 ,Supermarkets
01/11/2018, Volume , 100 ,Supermarkets
01/12/2018, Volume , 101 ,Supermarkets
01/01/2019, Volume , 101 ,Supermarkets
01/02/2019, Volume , 100 ,Supermarkets
01/03/2019, Volume , 100 ,Supermarkets
01/04/2019, Volume , 100 ,Supermarkets
01/05/2019, Volume , 100 ,Supermarkets
01/06/2019, Volume , 100 ,Supermarkets
01/07/2019, Volume , 100 ,Supermarkets
01/08/2019, Volume , 100 ,Supermarkets
01/09/2019, Volume , 100 ,Supermarkets
01/10/2019, Volume , 100 ,Supermarkets
01/11/2019, Volume , 100 ,Supermarkets
01/12/2019, Volume , 98 ,Supermarkets
01/01/2020, Volume , 101 ,Supermarkets
01/02/2020, Volume , 100 ,Supermarkets
01/03/2020, Volume , 110 ,Supermarkets
01/04/2020, Volume , 108 ,Supermarkets
01/05/2020, Volume , 109 ,Supermarkets
01/06/2020, Volume , 109 ,Supermarkets
01/07/2020, Volume , 104 ,Supermarkets
01/08/2020, Volume , 105 ,Supermarkets
01/09/2020, Volume , 105 ,Supermarkets
01/10/2020, Volume , 104 ,Supermarkets
01/11/2020, Volume , 107 ,Supermarkets
01/12/2020, Volume , 103 ,Supermarkets
01/01/2021, Volume , 107 ,Supermarkets
01/02/2021, Volume , 108 ,Supermarkets
01/03/2021, Volume , 110 ,Supermarkets
01/04/2021, Volume , 108 ,Supermarkets
01/05/2021, Volume , 103 ,Supermarkets
01/06/2021, Volume , 107 ,Supermarkets
01/07/2021, Volume , 104 ,Supermarkets
01/08/2021, Volume , 103 ,Supermarkets
01/09/2021, Volume , 102 ,Supermarkets
01/10/2021, Volume , 102 ,Supermarkets
01/11/2021, Volume , 102 ,Supermarkets
01/12/2021, Volume , 102 ,Supermarkets
01/01/2022, Volume , 99 ,Supermarkets
01/02/2022, Volume , 99 ,Supermarkets
01/03/2022, Volume , 99 ,Supermarkets
01/04/2022, Volume , 99 ,Supermarkets
01/05/2022, Volume , 97 ,Supermarkets
01/01/2015, Proportion , 2 ,Specialist food stores
01/02/2015, Proportion , 1 ,Specialist food stores
01/03/2015, Proportion , 1 ,Specialist food stores
01/04/2015, Proportion , 1 ,Specialist food stores
01/05/2015, Proportion , 1 ,Specialist food stores
01/06/2015, Proportion , 2 ,Specialist food stores
01/07/2015, Proportion , 2 ,Specialist food stores
01/08/2015, Proportion , 2 ,Specialist food stores
01/09/2015, Proportion , 2 ,Specialist food stores
01/10/2015, Proportion , 1 ,Specialist food stores
01/11/2015, Proportion , 1 ,Specialist food stores
01/12/2015, Proportion , 1 ,Specialist food stores
01/01/2016, Proportion , 1 ,Specialist food stores
01/02/2016, Proportion , 1 ,Specialist food stores
01/03/2016, Proportion , 1 ,Specialist food stores
01/04/2016, Proportion , 1 ,Specialist food stores
01/05/2016, Proportion , 1 ,Specialist food stores
01/06/2016, Proportion , 1 ,Specialist food stores
01/07/2016, Proportion , 1 ,Specialist food stores
01/08/2016, Proportion , 1 ,Specialist food stores
01/09/2016, Proportion , 1 ,Specialist food stores
01/10/2016, Proportion , 1 ,Specialist food stores
01/11/2016, Proportion , 1 ,Specialist food stores
01/12/2016, Proportion , 1 ,Specialist food stores
01/01/2017, Proportion , 1 ,Specialist food stores
01/02/2017, Proportion , 1 ,Specialist food stores
01/03/2017, Proportion , 2 ,Specialist food stores
01/04/2017, Proportion , 1 ,Specialist food stores
01/05/2017, Proportion , 1 ,Specialist food stores
01/06/2017, Proportion , 1 ,Specialist food stores
01/07/2017, Proportion , 1 ,Specialist food stores
01/08/2017, Proportion , 2 ,Specialist food stores
01/09/2017, Proportion , 2 ,Specialist food stores
01/10/2017, Proportion , 2 ,Specialist food stores
01/11/2017, Proportion , 2 ,Specialist food stores
01/12/2017, Proportion , 2 ,Specialist food stores
01/01/2018, Proportion , 2 ,Specialist food stores
01/02/2018, Proportion , 2 ,Specialist food stores
01/03/2018, Proportion , 2 ,Specialist food stores
01/04/2018, Proportion , 2 ,Specialist food stores
01/05/2018, Proportion , 2 ,Specialist food stores
01/06/2018, Proportion , 2 ,Specialist food stores
01/07/2018, Proportion , 2 ,Specialist food stores
01/08/2018, Proportion , 2 ,Specialist food stores
01/09/2018, Proportion , 2 ,Specialist food stores
01/10/2018, Proportion , 3 ,Specialist food stores
01/11/2018, Proportion , 2 ,Specialist food stores
01/12/2018, Proportion , 2 ,Specialist food stores
01/01/2019, Proportion , 2 ,Specialist food stores
01/02/2019, Proportion , 2 ,Specialist food stores
01/03/2019, Proportion , 1 ,Specialist food stores
01/04/2019, Proportion , 1 ,Specialist food stores
01/05/2019, Proportion , 2 ,Specialist food stores
01/06/2019, Proportion , 2 ,Specialist food stores
01/07/2019, Proportion , 3 ,Specialist food stores
01/08/2019, Proportion , 3 ,Specialist food stores
01/09/2019, Proportion , 3 ,Specialist food stores
01/10/2019, Proportion , 3 ,Specialist food stores
01/11/2019, Proportion , 3 ,Specialist food stores
01/12/2019, Proportion , 2 ,Specialist food stores
01/01/2020, Proportion , 3 ,Specialist food stores
01/02/2020, Proportion , 2 ,Specialist food stores
01/03/2020, Proportion , 3 ,Specialist food stores
01/04/2020, Proportion , 14 ,Specialist food stores
01/05/2020, Proportion , 14 ,Specialist food stores
01/06/2020, Proportion , 9 ,Specialist food stores
01/07/2020, Proportion , 5 ,Specialist food stores
01/08/2020, Proportion , 5 ,Specialist food stores
01/09/2020, Proportion , 5 ,Specialist food stores
01/10/2020, Proportion , 5 ,Specialist food stores
01/11/2020, Proportion , 6 ,Specialist food stores
01/12/2020, Proportion , 7 ,Specialist food stores
01/01/2021, Proportion , 10 ,Specialist food stores
01/02/2021, Proportion , 11 ,Specialist food stores
01/03/2021, Proportion , 9 ,Specialist food stores
01/04/2021, Proportion , 8 ,Specialist food stores
01/05/2021, Proportion , 9 ,Specialist food stores
01/06/2021, Proportion , 8 ,Specialist food stores
01/07/2021, Proportion , 8 ,Specialist food stores
01/08/2021, Proportion , 8 ,Specialist food stores
01/09/2021, Proportion , 8 ,Specialist food stores
01/10/2021, Proportion , 8 ,Specialist food stores
01/11/2021, Proportion , 7 ,Specialist food stores
01/12/2021, Proportion , 6 ,Specialist food stores
01/01/2022, Proportion , 6 ,Specialist food stores
01/02/2022, Proportion , 7 ,Specialist food stores
01/03/2022, Proportion , 6 ,Specialist food stores
01/04/2022, Proportion , 6 ,Specialist food stores
01/05/2022, Proportion , 6 ,Specialist food stores
01/01/2015, Volume , 87 ,Specialist food stores
01/02/2015, Volume , 88 ,Specialist food stores
01/03/2015, Volume , 88 ,Specialist food stores
01/04/2015, Volume , 90 ,Specialist food stores
01/05/2015, Volume , 91 ,Specialist food stores
01/06/2015, Volume , 91 ,Specialist food stores
01/07/2015, Volume , 90 ,Specialist food stores
01/08/2015, Volume , 87 ,Specialist food stores
01/09/2015, Volume , 89 ,Specialist food stores
01/10/2015, Volume , 88 ,Specialist food stores
01/11/2015, Volume , 96 ,Specialist food stores
01/12/2015, Volume , 96 ,Specialist food stores
01/01/2016, Volume , 91 ,Specialist food stores
01/02/2016, Volume , 95 ,Specialist food stores
01/03/2016, Volume , 97 ,Specialist food stores
01/04/2016, Volume , 92 ,Specialist food stores
01/05/2016, Volume , 91 ,Specialist food stores
01/06/2016, Volume , 94 ,Specialist food stores
01/07/2016, Volume , 94 ,Specialist food stores
01/08/2016, Volume , 94 ,Specialist food stores
01/09/2016, Volume , 97 ,Specialist food stores
01/10/2016, Volume , 95 ,Specialist food stores
01/11/2016, Volume , 106 ,Specialist food stores
01/12/2016, Volume , 91 ,Specialist food stores
01/01/2017, Volume , 90 ,Specialist food stores
01/02/2017, Volume , 91 ,Specialist food stores
01/03/2017, Volume , 86 ,Specialist food stores
01/04/2017, Volume , 88 ,Specialist food stores
01/05/2017, Volume , 88 ,Specialist food stores
01/06/2017, Volume , 77 ,Specialist food stores
01/07/2017, Volume , 85 ,Specialist food stores
01/08/2017, Volume , 88 ,Specialist food stores
01/09/2017, Volume , 85 ,Specialist food stores
01/10/2017, Volume , 83 ,Specialist food stores
01/11/2017, Volume , 86 ,Specialist food stores
01/12/2017, Volume , 87 ,Specialist food stores
01/01/2018, Volume , 87 ,Specialist food stores
01/02/2018, Volume , 86 ,Specialist food stores
01/03/2018, Volume , 91 ,Specialist food stores
01/04/2018, Volume , 94 ,Specialist food stores
01/05/2018, Volume , 96 ,Specialist food stores
01/06/2018, Volume , 90 ,Specialist food stores
01/07/2018, Volume , 103 ,Specialist food stores
01/08/2018, Volume , 99 ,Specialist food stores
01/09/2018, Volume , 96 ,Specialist food stores
01/10/2018, Volume , 96 ,Specialist food stores
01/11/2018, Volume , 96 ,Specialist food stores
01/12/2018, Volume , 93 ,Specialist food stores
01/01/2019, Volume , 96 ,Specialist food stores
01/02/2019, Volume , 95 ,Specialist food stores
01/03/2019, Volume , 100 ,Specialist food stores
01/04/2019, Volume , 99 ,Specialist food stores
01/05/2019, Volume , 99 ,Specialist food stores
01/06/2019, Volume , 102 ,Specialist food stores
01/07/2019, Volume , 102 ,Specialist food stores
01/08/2019, Volume , 100 ,Specialist food stores
01/09/2019, Volume , 101 ,Specialist food stores
01/10/2019, Volume , 100 ,Specialist food stores
01/11/2019, Volume , 100 ,Specialist food stores
01/12/2019, Volume , 105 ,Specialist food stores
01/01/2020, Volume , 88 ,Specialist food stores
01/02/2020, Volume , 101 ,Specialist food stores
01/03/2020, Volume , 99 ,Specialist food stores
01/04/2020, Volume , 66 ,Specialist food stores
01/05/2020, Volume , 73 ,Specialist food stores
01/06/2020, Volume , 75 ,Specialist food stores
01/07/2020, Volume , 93 ,Specialist food stores
01/08/2020, Volume , 91 ,Specialist food stores
01/09/2020, Volume , 98 ,Specialist food stores
01/10/2020, Volume , 96 ,Specialist food stores
01/11/2020, Volume , 96 ,Specialist food stores
01/12/2020, Volume , 93 ,Specialist food stores
01/01/2021, Volume , 80 ,Specialist food stores
01/02/2021, Volume , 87 ,Specialist food stores
01/03/2021, Volume , 93 ,Specialist food stores
01/04/2021, Volume , 92 ,Specialist food stores
01/05/2021, Volume , 94 ,Specialist food stores
01/06/2021, Volume , 97 ,Specialist food stores
01/07/2021, Volume , 97 ,Specialist food stores
01/08/2021, Volume , 99 ,Specialist food stores
01/09/2021, Volume , 101 ,Specialist food stores
01/10/2021, Volume , 103 ,Specialist food stores
01/11/2021, Volume , 106 ,Specialist food stores
01/12/2021, Volume , 107 ,Specialist food stores
01/01/2022, Volume , 109 ,Specialist food stores
01/02/2022, Volume , 106 ,Specialist food stores
01/03/2022, Volume , 105 ,Specialist food stores
01/04/2022, Volume , 105 ,Specialist food stores
01/05/2022, Volume , 103 ,Specialist food stores
01/01/2015, Proportion , 3.4 ,Flowers plants seeds fertilisers and pet foods
01/02/2015, Proportion , 6.5 ,Flowers plants seeds fertilisers and pet foods
01/03/2015, Proportion , 2.3 ,Flowers plants seeds fertilisers and pet foods
01/04/2015, Proportion , 2.4 ,Flowers plants seeds fertilisers and pet foods
01/05/2015, Proportion , 2.5 ,Flowers plants seeds fertilisers and pet foods
01/06/2015, Proportion , 2.1 ,Flowers plants seeds fertilisers and pet foods
01/07/2015, Proportion , 2.0 ,Flowers plants seeds fertilisers and pet foods
01/08/2015, Proportion , 1.7 ,Flowers plants seeds fertilisers and pet foods
01/09/2015, Proportion , 1.9 ,Flowers plants seeds fertilisers and pet foods
01/10/2015, Proportion , 1.9 ,Flowers plants seeds fertilisers and pet foods
01/11/2015, Proportion , 2.7 ,Flowers plants seeds fertilisers and pet foods
01/12/2015, Proportion , 2.7 ,Flowers plants seeds fertilisers and pet foods
01/01/2016, Proportion , 2.3 ,Flowers plants seeds fertilisers and pet foods
01/02/2016, Proportion , 3.5 ,Flowers plants seeds fertilisers and pet foods
01/03/2016, Proportion , 4.0 ,Flowers plants seeds fertilisers and pet foods
01/04/2016, Proportion , 3.1 ,Flowers plants seeds fertilisers and pet foods
01/05/2016, Proportion , 1.7 ,Flowers plants seeds fertilisers and pet foods
01/06/2016, Proportion , 1.6 ,Flowers plants seeds fertilisers and pet foods
01/07/2016, Proportion , 1.4 ,Flowers plants seeds fertilisers and pet foods
01/08/2016, Proportion , 1.3 ,Flowers plants seeds fertilisers and pet foods
01/09/2016, Proportion , 1.7 ,Flowers plants seeds fertilisers and pet foods
01/10/2016, Proportion , 1.1 ,Flowers plants seeds fertilisers and pet foods
01/11/2016, Proportion , 1.0 ,Flowers plants seeds fertilisers and pet foods
01/12/2016, Proportion , 1.6 ,Flowers plants seeds fertilisers and pet foods
01/01/2017, Proportion , 1.8 ,Flowers plants seeds fertilisers and pet foods
01/02/2017, Proportion , 3.3 ,Flowers plants seeds fertilisers and pet foods
01/03/2017, Proportion , 4.4 ,Flowers plants seeds fertilisers and pet foods
01/04/2017, Proportion , 6.3 ,Flowers plants seeds fertilisers and pet foods
01/05/2017, Proportion , 4.7 ,Flowers plants seeds fertilisers and pet foods
01/06/2017, Proportion , 4.6 ,Flowers plants seeds fertilisers and pet foods
01/07/2017, Proportion , 3.6 ,Flowers plants seeds fertilisers and pet foods
01/08/2017, Proportion , 3.2 ,Flowers plants seeds fertilisers and pet foods
01/09/2017, Proportion , 1.8 ,Flowers plants seeds fertilisers and pet foods
01/10/2017, Proportion , 2.2 ,Flowers plants seeds fertilisers and pet foods
01/11/2017, Proportion , 4.8 ,Flowers plants seeds fertilisers and pet foods
01/12/2017, Proportion , 3.7 ,Flowers plants seeds fertilisers and pet foods
01/01/2018, Proportion , 3.5 ,Flowers plants seeds fertilisers and pet foods
01/02/2018, Proportion , 3.7 ,Flowers plants seeds fertilisers and pet foods
01/03/2018, Proportion , 4.9 ,Flowers plants seeds fertilisers and pet foods
01/04/2018, Proportion , 7.1 ,Flowers plants seeds fertilisers and pet foods
01/05/2018, Proportion , 5.2 ,Flowers plants seeds fertilisers and pet foods
01/06/2018, Proportion , 4.8 ,Flowers plants seeds fertilisers and pet foods
01/07/2018, Proportion , 8.6 ,Flowers plants seeds fertilisers and pet foods
01/08/2018, Proportion , 3.7 ,Flowers plants seeds fertilisers and pet foods
01/09/2018, Proportion , 3.2 ,Flowers plants seeds fertilisers and pet foods
01/10/2018, Proportion , 2.9 ,Flowers plants seeds fertilisers and pet foods
01/11/2018, Proportion , 3.4 ,Flowers plants seeds fertilisers and pet foods
01/12/2018, Proportion , 4.4 ,Flowers plants seeds fertilisers and pet foods
01/01/2019, Proportion , 2.5 ,Flowers plants seeds fertilisers and pet foods
01/02/2019, Proportion , 4.0 ,Flowers plants seeds fertilisers and pet foods
01/03/2019, Proportion , 4.7 ,Flowers plants seeds fertilisers and pet foods
01/04/2019, Proportion , 4.3 ,Flowers plants seeds fertilisers and pet foods
01/05/2019, Proportion , 4.5 ,Flowers plants seeds fertilisers and pet foods
01/06/2019, Proportion , 5.4 ,Flowers plants seeds fertilisers and pet foods
01/07/2019, Proportion , 4.9 ,Flowers plants seeds fertilisers and pet foods
01/08/2019, Proportion , 4.6 ,Flowers plants seeds fertilisers and pet foods
01/09/2019, Proportion , 4.8 ,Flowers plants seeds fertilisers and pet foods
01/10/2019, Proportion , 4.7 ,Flowers plants seeds fertilisers and pet foods
01/11/2019, Proportion , 7.9 ,Flowers plants seeds fertilisers and pet foods
01/12/2019, Proportion , 6.9 ,Flowers plants seeds fertilisers and pet foods
01/01/2020, Proportion , 8.5 ,Flowers plants seeds fertilisers and pet foods
01/02/2020, Proportion , 8.1 ,Flowers plants seeds fertilisers and pet foods
01/03/2020, Proportion , 14.8 ,Flowers plants seeds fertilisers and pet foods
01/04/2020, Proportion , 23.5 ,Flowers plants seeds fertilisers and pet foods
01/05/2020, Proportion , 26.7 ,Flowers plants seeds fertilisers and pet foods
01/06/2020, Proportion , 18.3 ,Flowers plants seeds fertilisers and pet foods
01/07/2020, Proportion , 13.2 ,Flowers plants seeds fertilisers and pet foods
01/08/2020, Proportion , 14.2 ,Flowers plants seeds fertilisers and pet foods
01/09/2020, Proportion , 12.4 ,Flowers plants seeds fertilisers and pet foods
01/10/2020, Proportion , 14.0 ,Flowers plants seeds fertilisers and pet foods
01/11/2020, Proportion , 17.7 ,Flowers plants seeds fertilisers and pet foods
01/12/2020, Proportion , 17.1 ,Flowers plants seeds fertilisers and pet foods
01/01/2021, Proportion , 13.3 ,Flowers plants seeds fertilisers and pet foods
01/02/2021, Proportion , 13.9 ,Flowers plants seeds fertilisers and pet foods
01/03/2021, Proportion , 13.8 ,Flowers plants seeds fertilisers and pet foods
01/04/2021, Proportion , 12.8 ,Flowers plants seeds fertilisers and pet foods
01/05/2021, Proportion , 12.7 ,Flowers plants seeds fertilisers and pet foods
01/06/2021, Proportion , 9.8 ,Flowers plants seeds fertilisers and pet foods
01/07/2021, Proportion , 10.8 ,Flowers plants seeds fertilisers and pet foods
01/08/2021, Proportion , 11.7 ,Flowers plants seeds fertilisers and pet foods
01/09/2021, Proportion , 13.3 ,Flowers plants seeds fertilisers and pet foods
01/10/2021, Proportion , 13.4 ,Flowers plants seeds fertilisers and pet foods
01/11/2021, Proportion , 15.5 ,Flowers plants seeds fertilisers and pet foods
01/12/2021, Proportion , 13.7 ,Flowers plants seeds fertilisers and pet foods
01/01/2022, Proportion , 18.2 ,Flowers plants seeds fertilisers and pet foods
01/02/2022, Proportion , 22.4 ,Flowers plants seeds fertilisers and pet foods
01/03/2022, Proportion , 19.4 ,Flowers plants seeds fertilisers and pet foods
01/04/2022, Proportion , 21.6 ,Flowers plants seeds fertilisers and pet foods
01/05/2022, Proportion , 24.3 ,Flowers plants seeds fertilisers and pet foods
01/01/2015, Volume , 108.2 ,Flowers plants seeds fertilisers and pet foods
01/02/2015, Volume , 96.2 ,Flowers plants seeds fertilisers and pet foods
01/03/2015, Volume , 96.1 ,Flowers plants seeds fertilisers and pet foods
01/04/2015, Volume , 106.9 ,Flowers plants seeds fertilisers and pet foods
01/05/2015, Volume , 99.3 ,Flowers plants seeds fertilisers and pet foods
01/06/2015, Volume , 99.1 ,Flowers plants seeds fertilisers and pet foods
01/07/2015, Volume , 92.9 ,Flowers plants seeds fertilisers and pet foods
01/08/2015, Volume , 95.7 ,Flowers plants seeds fertilisers and pet foods
01/09/2015, Volume , 95.2 ,Flowers plants seeds fertilisers and pet foods
01/10/2015, Volume , 94.0 ,Flowers plants seeds fertilisers and pet foods
01/11/2015, Volume , 93.6 ,Flowers plants seeds fertilisers and pet foods
01/12/2015, Volume , 96.7 ,Flowers plants seeds fertilisers and pet foods
01/01/2016, Volume , 93.9 ,Flowers plants seeds fertilisers and pet foods
01/02/2016, Volume , 93.5 ,Flowers plants seeds fertilisers and pet foods
01/03/2016, Volume , 93.6 ,Flowers plants seeds fertilisers and pet foods
01/04/2016, Volume , 97.4 ,Flowers plants seeds fertilisers and pet foods
01/05/2016, Volume , 105.5 ,Flowers plants seeds fertilisers and pet foods
01/06/2016, Volume , 98.9 ,Flowers plants seeds fertilisers and pet foods
01/07/2016, Volume , 99.3 ,Flowers plants seeds fertilisers and pet foods
01/08/2016, Volume , 102.2 ,Flowers plants seeds fertilisers and pet foods
01/09/2016, Volume , 98.9 ,Flowers plants seeds fertilisers and pet foods
01/10/2016, Volume , 98.7 ,Flowers plants seeds fertilisers and pet foods
01/11/2016, Volume , 100.6 ,Flowers plants seeds fertilisers and pet foods
01/12/2016, Volume , 93.4 ,Flowers plants seeds fertilisers and pet foods
01/01/2017, Volume , 94.0 ,Flowers plants seeds fertilisers and pet foods
01/02/2017, Volume , 91.9 ,Flowers plants seeds fertilisers and pet foods
01/03/2017, Volume , 99.9 ,Flowers plants seeds fertilisers and pet foods
01/04/2017, Volume , 109.0 ,Flowers plants seeds fertilisers and pet foods
01/05/2017, Volume , 97.4 ,Flowers plants seeds fertilisers and pet foods
01/06/2017, Volume , 89.0 ,Flowers plants seeds fertilisers and pet foods
01/07/2017, Volume , 100.1 ,Flowers plants seeds fertilisers and pet foods
01/08/2017, Volume , 97.6 ,Flowers plants seeds fertilisers and pet foods
01/09/2017, Volume , 94.4 ,Flowers plants seeds fertilisers and pet foods
01/10/2017, Volume , 93.2 ,Flowers plants seeds fertilisers and pet foods
01/11/2017, Volume , 94.2 ,Flowers plants seeds fertilisers and pet foods
01/12/2017, Volume , 95.2 ,Flowers plants seeds fertilisers and pet foods
01/01/2018, Volume , 102.9 ,Flowers plants seeds fertilisers and pet foods
01/02/2018, Volume , 99.5 ,Flowers plants seeds fertilisers and pet foods
01/03/2018, Volume , 90.4 ,Flowers plants seeds fertilisers and pet foods
01/04/2018, Volume , 96.1 ,Flowers plants seeds fertilisers and pet foods
01/05/2018, Volume , 99.9 ,Flowers plants seeds fertilisers and pet foods
01/06/2018, Volume , 100.1 ,Flowers plants seeds fertilisers and pet foods
01/07/2018, Volume , 96.5 ,Flowers plants seeds fertilisers and pet foods
01/08/2018, Volume , 98.6 ,Flowers plants seeds fertilisers and pet foods
01/09/2018, Volume , 105.2 ,Flowers plants seeds fertilisers and pet foods
01/10/2018, Volume , 110.7 ,Flowers plants seeds fertilisers and pet foods
01/11/2018, Volume , 98.8 ,Flowers plants seeds fertilisers and pet foods
01/12/2018, Volume , 109.7 ,Flowers plants seeds fertilisers and pet foods
01/01/2019, Volume , 104.2 ,Flowers plants seeds fertilisers and pet foods
01/02/2019, Volume , 105.2 ,Flowers plants seeds fertilisers and pet foods
01/03/2019, Volume , 99.5 ,Flowers plants seeds fertilisers and pet foods
01/04/2019, Volume , 97.7 ,Flowers plants seeds fertilisers and pet foods
01/05/2019, Volume , 99.7 ,Flowers plants seeds fertilisers and pet foods
01/06/2019, Volume , 94.2 ,Flowers plants seeds fertilisers and pet foods
01/07/2019, Volume , 99.9 ,Flowers plants seeds fertilisers and pet foods
01/08/2019, Volume , 98.9 ,Flowers plants seeds fertilisers and pet foods
01/09/2019, Volume , 95.9 ,Flowers plants seeds fertilisers and pet foods
01/10/2019, Volume , 91.8 ,Flowers plants seeds fertilisers and pet foods
01/11/2019, Volume , 101.8 ,Flowers plants seeds fertilisers and pet foods
01/12/2019, Volume , 111.1 ,Flowers plants seeds fertilisers and pet foods
01/01/2020, Volume , 115.0 ,Flowers plants seeds fertilisers and pet foods
01/02/2020, Volume , 89.5 ,Flowers plants seeds fertilisers and pet foods
01/03/2020, Volume , 99.9 ,Flowers plants seeds fertilisers and pet foods
01/04/2020, Volume , 54.0 ,Flowers plants seeds fertilisers and pet foods
01/05/2020, Volume , 102.4 ,Flowers plants seeds fertilisers and pet foods
01/06/2020, Volume , 113.3 ,Flowers plants seeds fertilisers and pet foods
01/07/2020, Volume , 112.3 ,Flowers plants seeds fertilisers and pet foods
01/08/2020, Volume , 113.9 ,Flowers plants seeds fertilisers and pet foods
01/09/2020, Volume , 118.9 ,Flowers plants seeds fertilisers and pet foods
01/10/2020, Volume , 115.8 ,Flowers plants seeds fertilisers and pet foods
01/11/2020, Volume , 116.9 ,Flowers plants seeds fertilisers and pet foods
01/12/2020, Volume , 109.6 ,Flowers plants seeds fertilisers and pet foods
01/01/2021, Volume , 109.4 ,Flowers plants seeds fertilisers and pet foods
01/02/2021, Volume , 116.5 ,Flowers plants seeds fertilisers and pet foods
01/03/2021, Volume , 155.4 ,Flowers plants seeds fertilisers and pet foods
01/04/2021, Volume , 131.8 ,Flowers plants seeds fertilisers and pet foods
01/05/2021, Volume , 120.7 ,Flowers plants seeds fertilisers and pet foods
01/06/2021, Volume , 120.5 ,Flowers plants seeds fertilisers and pet foods
01/07/2021, Volume , 120.6 ,Flowers plants seeds fertilisers and pet foods
01/08/2021, Volume , 122.3 ,Flowers plants seeds fertilisers and pet foods
01/09/2021, Volume , 121.5 ,Flowers plants seeds fertilisers and pet foods
01/10/2021, Volume , 125.1 ,Flowers plants seeds fertilisers and pet foods
01/11/2021, Volume , 124.7 ,Flowers plants seeds fertilisers and pet foods
01/12/2021, Volume , 121.2 ,Flowers plants seeds fertilisers and pet foods
01/01/2022, Volume , 162.1 ,Flowers plants seeds fertilisers and pet foods
01/02/2022, Volume , 126.4 ,Flowers plants seeds fertilisers and pet foods
01/03/2022, Volume , 113.8 ,Flowers plants seeds fertilisers and pet foods
01/04/2022, Volume , 112.2 ,Flowers plants seeds fertilisers and pet foods
01/05/2022, Volume , 112.5 ,Flowers plants seeds fertilisers and pet foods
01/01/2015, Proportion , 14.3 ,Sports equipment games and toys
01/02/2015, Proportion , 13.3 ,Sports equipment games and toys
01/03/2015, Proportion , 13.2 ,Sports equipment games and toys
01/04/2015, Proportion , 12.7 ,Sports equipment games and toys
01/05/2015, Proportion , 12.6 ,Sports equipment games and toys
01/06/2015, Proportion , 8.3 ,Sports equipment games and toys
01/07/2015, Proportion , 9.2 ,Sports equipment games and toys
01/08/2015, Proportion , 9.0 ,Sports equipment games and toys
01/09/2015, Proportion , 8.8 ,Sports equipment games and toys
01/10/2015, Proportion , 9.6 ,Sports equipment games and toys
01/11/2015, Proportion , 10.5 ,Sports equipment games and toys
01/12/2015, Proportion , 10.6 ,Sports equipment games and toys
01/01/2016, Proportion , 9.5 ,Sports equipment games and toys
01/02/2016, Proportion , 10.2 ,Sports equipment games and toys
01/03/2016, Proportion , 10.6 ,Sports equipment games and toys
01/04/2016, Proportion , 11.8 ,Sports equipment games and toys
01/05/2016, Proportion , 11.4 ,Sports equipment games and toys
01/06/2016, Proportion , 13.4 ,Sports equipment games and toys
01/07/2016, Proportion , 11.1 ,Sports equipment games and toys
01/08/2016, Proportion , 12.2 ,Sports equipment games and toys
01/09/2016, Proportion , 12.7 ,Sports equipment games and toys
01/10/2016, Proportion , 12.8 ,Sports equipment games and toys
01/11/2016, Proportion , 13.7 ,Sports equipment games and toys
01/12/2016, Proportion , 13.3 ,Sports equipment games and toys
01/01/2017, Proportion , 14.5 ,Sports equipment games and toys
01/02/2017, Proportion , 13.2 ,Sports equipment games and toys
01/03/2017, Proportion , 17.0 ,Sports equipment games and toys
01/04/2017, Proportion , 12.1 ,Sports equipment games and toys
01/05/2017, Proportion , 13.3 ,Sports equipment games and toys
01/06/2017, Proportion , 14.7 ,Sports equipment games and toys
01/07/2017, Proportion , 21.5 ,Sports equipment games and toys
01/08/2017, Proportion , 17.1 ,Sports equipment games and toys
01/09/2017, Proportion , 16.8 ,Sports equipment games and toys
01/10/2017, Proportion , 16.5 ,Sports equipment games and toys
01/11/2017, Proportion , 17.0 ,Sports equipment games and toys
01/12/2017, Proportion , 18.0 ,Sports equipment games and toys
01/01/2018, Proportion , 15.8 ,Sports equipment games and toys
01/02/2018, Proportion , 15.5 ,Sports equipment games and toys
01/03/2018, Proportion , 15.9 ,Sports equipment games and toys
01/04/2018, Proportion , 13.9 ,Sports equipment games and toys
01/05/2018, Proportion , 16.7 ,Sports equipment games and toys
01/06/2018, Proportion , 17.4 ,Sports equipment games and toys
01/07/2018, Proportion , 21.0 ,Sports equipment games and toys
01/08/2018, Proportion , 17.3 ,Sports equipment games and toys
01/09/2018, Proportion , 19.6 ,Sports equipment games and toys
01/10/2018, Proportion , 21.2 ,Sports equipment games and toys
01/11/2018, Proportion , 16.1 ,Sports equipment games and toys
01/12/2018, Proportion , 20.0 ,Sports equipment games and toys
01/01/2019, Proportion , 19.0 ,Sports equipment games and toys
01/02/2019, Proportion , 27.8 ,Sports equipment games and toys
01/03/2019, Proportion , 24.3 ,Sports equipment games and toys
01/04/2019, Proportion , 23.5 ,Sports equipment games and toys
01/05/2019, Proportion , 18.2 ,Sports equipment games and toys
01/06/2019, Proportion , 18.8 ,Sports equipment games and toys
01/07/2019, Proportion , 22.4 ,Sports equipment games and toys
01/08/2019, Proportion , 17.9 ,Sports equipment games and toys
01/09/2019, Proportion , 11.7 ,Sports equipment games and toys
01/10/2019, Proportion , 18.4 ,Sports equipment games and toys
01/11/2019, Proportion , 18.6 ,Sports equipment games and toys
01/12/2019, Proportion , 22.2 ,Sports equipment games and toys
01/01/2020, Proportion , 18.3 ,Sports equipment games and toys
01/02/2020, Proportion , 19.1 ,Sports equipment games and toys
01/03/2020, Proportion , 27.3 ,Sports equipment games and toys
01/04/2020, Proportion , 56.0 ,Sports equipment games and toys
01/05/2020, Proportion , 76.4 ,Sports equipment games and toys
01/06/2020, Proportion , 47.4 ,Sports equipment games and toys
01/07/2020, Proportion , 36.6 ,Sports equipment games and toys
01/08/2020, Proportion , 36.8 ,Sports equipment games and toys
01/09/2020, Proportion , 36.1 ,Sports equipment games and toys
01/10/2020, Proportion , 27.7 ,Sports equipment games and toys
01/11/2020, Proportion , 43.1 ,Sports equipment games and toys
01/12/2020, Proportion , 34.5 ,Sports equipment games and toys
01/01/2021, Proportion , 62.0 ,Sports equipment games and toys
01/02/2021, Proportion , 62.3 ,Sports equipment games and toys
01/03/2021, Proportion , 52.1 ,Sports equipment games and toys
01/04/2021, Proportion , 40.3 ,Sports equipment games and toys
01/05/2021, Proportion , 27.6 ,Sports equipment games and toys
01/06/2021, Proportion , 26.3 ,Sports equipment games and toys
01/07/2021, Proportion , 26.2 ,Sports equipment games and toys
01/08/2021, Proportion , 28.0 ,Sports equipment games and toys
01/09/2021, Proportion , 26.5 ,Sports equipment games and toys
01/10/2021, Proportion , 26.5 ,Sports equipment games and toys
01/11/2021, Proportion , 24.5 ,Sports equipment games and toys
01/12/2021, Proportion , 28.9 ,Sports equipment games and toys
01/01/2022, Proportion , 27.9 ,Sports equipment games and toys
01/02/2022, Proportion , 26.1 ,Sports equipment games and toys
01/03/2022, Proportion , 27.6 ,Sports equipment games and toys
01/04/2022, Proportion , 24.4 ,Sports equipment games and toys
01/05/2022, Proportion , 24.9 ,Sports equipment games and toys
01/01/2015, Volume , 80.3 ,Sports equipment games and toys
01/02/2015, Volume , 85.4 ,Sports equipment games and toys
01/03/2015, Volume , 87.4 ,Sports equipment games and toys
01/04/2015, Volume , 85.5 ,Sports equipment games and toys
01/05/2015, Volume , 84.8 ,Sports equipment games and toys
01/06/2015, Volume , 81.9 ,Sports equipment games and toys
01/07/2015, Volume , 83.9 ,Sports equipment games and toys
01/08/2015, Volume , 83.0 ,Sports equipment games and toys
01/09/2015, Volume , 84.6 ,Sports equipment games and toys
01/10/2015, Volume , 81.7 ,Sports equipment games and toys
01/11/2015, Volume , 82.4 ,Sports equipment games and toys
01/12/2015, Volume , 87.2 ,Sports equipment games and toys
01/01/2016, Volume , 85.1 ,Sports equipment games and toys
01/02/2016, Volume , 82.9 ,Sports equipment games and toys
01/03/2016, Volume , 83.9 ,Sports equipment games and toys
01/04/2016, Volume , 88.3 ,Sports equipment games and toys
01/05/2016, Volume , 85.5 ,Sports equipment games and toys
01/06/2016, Volume , 90.1 ,Sports equipment games and toys
01/07/2016, Volume , 89.6 ,Sports equipment games and toys
01/08/2016, Volume , 84.5 ,Sports equipment games and toys
01/09/2016, Volume , 89.0 ,Sports equipment games and toys
01/10/2016, Volume , 87.2 ,Sports equipment games and toys
01/11/2016, Volume , 85.4 ,Sports equipment games and toys
01/12/2016, Volume , 86.2 ,Sports equipment games and toys
01/01/2017, Volume , 82.9 ,Sports equipment games and toys
01/02/2017, Volume , 83.2 ,Sports equipment games and toys
01/03/2017, Volume , 70.3 ,Sports equipment games and toys
01/04/2017, Volume , 91.4 ,Sports equipment games and toys
01/05/2017, Volume , 86.8 ,Sports equipment games and toys
01/06/2017, Volume , 82.7 ,Sports equipment games and toys
01/07/2017, Volume , 83.3 ,Sports equipment games and toys
01/08/2017, Volume , 87.3 ,Sports equipment games and toys
01/09/2017, Volume , 83.9 ,Sports equipment games and toys
01/10/2017, Volume , 88.9 ,Sports equipment games and toys
01/11/2017, Volume , 87.1 ,Sports equipment games and toys
01/12/2017, Volume , 88.6 ,Sports equipment games and toys
01/01/2018, Volume , 85.9 ,Sports equipment games and toys
01/02/2018, Volume , 90.1 ,Sports equipment games and toys
01/03/2018, Volume , 85.0 ,Sports equipment games and toys
01/04/2018, Volume , 83.6 ,Sports equipment games and toys
01/05/2018, Volume , 87.2 ,Sports equipment games and toys
01/06/2018, Volume , 88.6 ,Sports equipment games and toys
01/07/2018, Volume , 80.3 ,Sports equipment games and toys
01/08/2018, Volume , 87.3 ,Sports equipment games and toys
01/09/2018, Volume , 93.1 ,Sports equipment games and toys
01/10/2018, Volume , 89.7 ,Sports equipment games and toys
01/11/2018, Volume , 104.8 ,Sports equipment games and toys
01/12/2018, Volume , 82.0 ,Sports equipment games and toys
01/01/2019, Volume , 96.2 ,Sports equipment games and toys
01/02/2019, Volume , 92.1 ,Sports equipment games and toys
01/03/2019, Volume , 95.6 ,Sports equipment games and toys
01/04/2019, Volume , 88.3 ,Sports equipment games and toys
01/05/2019, Volume , 97.8 ,Sports equipment games and toys
01/06/2019, Volume , 102.1 ,Sports equipment games and toys
01/07/2019, Volume , 106.9 ,Sports equipment games and toys
01/08/2019, Volume , 111.2 ,Sports equipment games and toys
01/09/2019, Volume , 105.2 ,Sports equipment games and toys
01/10/2019, Volume , 100.5 ,Sports equipment games and toys
01/11/2019, Volume , 103.5 ,Sports equipment games and toys
01/12/2019, Volume , 99.9 ,Sports equipment games and toys
01/01/2020, Volume , 102.7 ,Sports equipment games and toys
01/02/2020, Volume , 99.1 ,Sports equipment games and toys
01/03/2020, Volume , 73.8 ,Sports equipment games and toys
01/04/2020, Volume , 45.8 ,Sports equipment games and toys
01/05/2020, Volume , 52.8 ,Sports equipment games and toys
01/06/2020, Volume , 84.2 ,Sports equipment games and toys
01/07/2020, Volume , 96.7 ,Sports equipment games and toys
01/08/2020, Volume , 100.0 ,Sports equipment games and toys
01/09/2020, Volume , 101.3 ,Sports equipment games and toys
01/10/2020, Volume , 139.6 ,Sports equipment games and toys
01/11/2020, Volume , 111.5 ,Sports equipment games and toys
01/12/2020, Volume , 127.7 ,Sports equipment games and toys
01/01/2021, Volume , 82.8 ,Sports equipment games and toys
01/02/2021, Volume , 80.8 ,Sports equipment games and toys
01/03/2021, Volume , 92.6 ,Sports equipment games and toys
01/04/2021, Volume , 128.2 ,Sports equipment games and toys
01/05/2021, Volume , 130.9 ,Sports equipment games and toys
01/06/2021, Volume , 126.0 ,Sports equipment games and toys
01/07/2021, Volume , 123.1 ,Sports equipment games and toys
01/08/2021, Volume , 118.7 ,Sports equipment games and toys
01/09/2021, Volume , 122.8 ,Sports equipment games and toys
01/10/2021, Volume , 125.1 ,Sports equipment games and toys
01/11/2021, Volume , 123.3 ,Sports equipment games and toys
01/12/2021, Volume , 106.0 ,Sports equipment games and toys
01/01/2022, Volume , 110.2 ,Sports equipment games and toys
01/02/2022, Volume , 118.5 ,Sports equipment games and toys
01/03/2022, Volume , 112.9 ,Sports equipment games and toys
01/04/2022, Volume , 115.1 ,Sports equipment games and toys
01/05/2022, Volume , 113.5 ,Sports equipment games and toys
01/01/2015, Proportion , 2.2 ,Books newspapers and stationary
01/02/2015, Proportion , 2.1 ,Books newspapers and stationary
01/03/2015, Proportion , 1.8 ,Books newspapers and stationary
01/04/2015, Proportion , 1.7 ,Books newspapers and stationary
01/05/2015, Proportion , 1.7 ,Books newspapers and stationary
01/06/2015, Proportion , 1.8 ,Books newspapers and stationary
01/07/2015, Proportion , 1.6 ,Books newspapers and stationary
01/08/2015, Proportion , 1.7 ,Books newspapers and stationary
01/09/2015, Proportion , 2.0 ,Books newspapers and stationary
01/10/2015, Proportion , 2.0 ,Books newspapers and stationary
01/11/2015, Proportion , 2.3 ,Books newspapers and stationary
01/12/2015, Proportion , 2.6 ,Books newspapers and stationary
01/01/2016, Proportion , 2.7 ,Books newspapers and stationary
01/02/2016, Proportion , 2.8 ,Books newspapers and stationary
01/03/2016, Proportion , 2.6 ,Books newspapers and stationary
01/04/2016, Proportion , 2.9 ,Books newspapers and stationary
01/05/2016, Proportion , 2.5 ,Books newspapers and stationary
01/06/2016, Proportion , 2.6 ,Books newspapers and stationary
01/07/2016, Proportion , 2.8 ,Books newspapers and stationary
01/08/2016, Proportion , 2.7 ,Books newspapers and stationary
01/09/2016, Proportion , 2.9 ,Books newspapers and stationary
01/10/2016, Proportion , 3.9 ,Books newspapers and stationary
01/11/2016, Proportion , 4.9 ,Books newspapers and stationary
01/12/2016, Proportion , 3.8 ,Books newspapers and stationary
01/01/2017, Proportion , 6.7 ,Books newspapers and stationary
01/02/2017, Proportion , 8.0 ,Books newspapers and stationary
01/03/2017, Proportion , 0.6 ,Books newspapers and stationary
01/04/2017, Proportion , 15.0 ,Books newspapers and stationary
01/05/2017, Proportion , 7.9 ,Books newspapers and stationary
01/06/2017, Proportion , 7.7 ,Books newspapers and stationary
01/07/2017, Proportion , 8.6 ,Books newspapers and stationary
01/08/2017, Proportion , 9.1 ,Books newspapers and stationary
01/09/2017, Proportion , 7.8 ,Books newspapers and stationary
01/10/2017, Proportion , 8.3 ,Books newspapers and stationary
01/11/2017, Proportion , 8.5 ,Books newspapers and stationary
01/12/2017, Proportion , 8.0 ,Books newspapers and stationary
01/01/2018, Proportion , 3.7 ,Books newspapers and stationary
01/02/2018, Proportion , 4.4 ,Books newspapers and stationary
01/03/2018, Proportion , 4.6 ,Books newspapers and stationary
01/04/2018, Proportion , 16.6 ,Books newspapers and stationary
01/05/2018, Proportion , 9.0 ,Books newspapers and stationary
01/06/2018, Proportion , 5.6 ,Books newspapers and stationary
01/07/2018, Proportion , 5.4 ,Books newspapers and stationary
01/08/2018, Proportion , 4.2 ,Books newspapers and stationary
01/09/2018, Proportion , 5.0 ,Books newspapers and stationary
01/10/2018, Proportion , 4.5 ,Books newspapers and stationary
01/11/2018, Proportion , 4.5 ,Books newspapers and stationary
01/12/2018, Proportion , 7.6 ,Books newspapers and stationary
01/01/2019, Proportion , 4.9 ,Books newspapers and stationary
01/02/2019, Proportion , 5.9 ,Books newspapers and stationary
01/03/2019, Proportion , 4.1 ,Books newspapers and stationary
01/04/2019, Proportion , 5.2 ,Books newspapers and stationary
01/05/2019, Proportion , 5.4 ,Books newspapers and stationary
01/06/2019, Proportion , 5.8 ,Books newspapers and stationary
01/07/2019, Proportion , 6.1 ,Books newspapers and stationary
01/08/2019, Proportion , 6.2 ,Books newspapers and stationary
01/09/2019, Proportion , 6.6 ,Books newspapers and stationary
01/10/2019, Proportion , 5.6 ,Books newspapers and stationary
01/11/2019, Proportion , 6.8 ,Books newspapers and stationary
01/12/2019, Proportion , 7.2 ,Books newspapers and stationary
01/01/2020, Proportion , 8.2 ,Books newspapers and stationary
01/02/2020, Proportion , 9.2 ,Books newspapers and stationary
01/03/2020, Proportion , 24.7 ,Books newspapers and stationary
01/04/2020, Proportion , 34.4 ,Books newspapers and stationary
01/05/2020, Proportion , 51.1 ,Books newspapers and stationary
01/06/2020, Proportion , 19.6 ,Books newspapers and stationary
01/07/2020, Proportion , 6.4 ,Books newspapers and stationary
01/08/2020, Proportion , 22.3 ,Books newspapers and stationary
01/09/2020, Proportion , 18.9 ,Books newspapers and stationary
01/10/2020, Proportion , 20.6 ,Books newspapers and stationary
01/11/2020, Proportion , 24.6 ,Books newspapers and stationary
01/12/2020, Proportion , 17.4 ,Books newspapers and stationary
01/01/2021, Proportion , 36.8 ,Books newspapers and stationary
01/02/2021, Proportion , 49.1 ,Books newspapers and stationary
01/03/2021, Proportion , 37.9 ,Books newspapers and stationary
01/04/2021, Proportion , 15.4 ,Books newspapers and stationary
01/05/2021, Proportion , 12.0 ,Books newspapers and stationary
01/06/2021, Proportion , 12.3 ,Books newspapers and stationary
01/07/2021, Proportion , 10.5 ,Books newspapers and stationary
01/08/2021, Proportion , 9.8 ,Books newspapers and stationary
01/09/2021, Proportion , 8.1 ,Books newspapers and stationary
01/10/2021, Proportion , 7.8 ,Books newspapers and stationary
01/11/2021, Proportion , 9.1 ,Books newspapers and stationary
01/12/2021, Proportion , 17.7 ,Books newspapers and stationary
01/01/2022, Proportion , 7.5 ,Books newspapers and stationary
01/02/2022, Proportion , 8.3 ,Books newspapers and stationary
01/03/2022, Proportion , 7.2 ,Books newspapers and stationary
01/04/2022, Proportion , 8.0 ,Books newspapers and stationary
01/05/2022, Proportion , 7.9 ,Books newspapers and stationary
01/01/2015, Volume , 126.5 ,Books newspapers and stationary
01/02/2015, Volume , 127.8 ,Books newspapers and stationary
01/03/2015, Volume , 130.0 ,Books newspapers and stationary
01/04/2015, Volume , 118.3 ,Books newspapers and stationary
01/05/2015, Volume , 126.8 ,Books newspapers and stationary
01/06/2015, Volume , 129.0 ,Books newspapers and stationary
01/07/2015, Volume , 130.5 ,Books newspapers and stationary
01/08/2015, Volume , 130.5 ,Books newspapers and stationary
01/09/2015, Volume , 128.2 ,Books newspapers and stationary
01/10/2015, Volume , 127.3 ,Books newspapers and stationary
01/11/2015, Volume , 123.0 ,Books newspapers and stationary
01/12/2015, Volume , 112.9 ,Books newspapers and stationary
01/01/2016, Volume , 120.5 ,Books newspapers and stationary
01/02/2016, Volume , 122.8 ,Books newspapers and stationary
01/03/2016, Volume , 116.2 ,Books newspapers and stationary
01/04/2016, Volume , 120.3 ,Books newspapers and stationary
01/05/2016, Volume , 122.6 ,Books newspapers and stationary
01/06/2016, Volume , 113.7 ,Books newspapers and stationary
01/07/2016, Volume , 115.4 ,Books newspapers and stationary
01/08/2016, Volume , 111.1 ,Books newspapers and stationary
01/09/2016, Volume , 115.4 ,Books newspapers and stationary
01/10/2016, Volume , 116.6 ,Books newspapers and stationary
01/11/2016, Volume , 113.9 ,Books newspapers and stationary
01/12/2016, Volume , 110.2 ,Books newspapers and stationary
01/01/2017, Volume , 111.3 ,Books newspapers and stationary
01/02/2017, Volume , 108.5 ,Books newspapers and stationary
01/03/2017, Volume , 97.3 ,Books newspapers and stationary
01/04/2017, Volume , 107.0 ,Books newspapers and stationary
01/05/2017, Volume , 106.2 ,Books newspapers and stationary
01/06/2017, Volume , 115.5 ,Books newspapers and stationary
01/07/2017, Volume , 114.5 ,Books newspapers and stationary
01/08/2017, Volume , 114.1 ,Books newspapers and stationary
01/09/2017, Volume , 110.3 ,Books newspapers and stationary
01/10/2017, Volume , 121.1 ,Books newspapers and stationary
01/11/2017, Volume , 110.4 ,Books newspapers and stationary
01/12/2017, Volume , 104.8 ,Books newspapers and stationary
01/01/2018, Volume , 107.4 ,Books newspapers and stationary
01/02/2018, Volume , 107.2 ,Books newspapers and stationary
01/03/2018, Volume , 110.0 ,Books newspapers and stationary
01/04/2018, Volume , 115.7 ,Books newspapers and stationary
01/05/2018, Volume , 112.7 ,Books newspapers and stationary
01/06/2018, Volume , 107.4 ,Books newspapers and stationary
01/07/2018, Volume , 110.9 ,Books newspapers and stationary
01/08/2018, Volume , 112.1 ,Books newspapers and stationary
01/09/2018, Volume , 111.7 ,Books newspapers and stationary
01/10/2018, Volume , 110.1 ,Books newspapers and stationary
01/11/2018, Volume , 105.2 ,Books newspapers and stationary
01/12/2018, Volume , 107.2 ,Books newspapers and stationary
01/01/2019, Volume , 98.8 ,Books newspapers and stationary
01/02/2019, Volume , 88.2 ,Books newspapers and stationary
01/03/2019, Volume , 107.3 ,Books newspapers and stationary
01/04/2019, Volume , 93.2 ,Books newspapers and stationary
01/05/2019, Volume , 91.0 ,Books newspapers and stationary
01/06/2019, Volume , 95.1 ,Books newspapers and stationary
01/07/2019, Volume , 92.7 ,Books newspapers and stationary
01/08/2019, Volume , 94.7 ,Books newspapers and stationary
01/09/2019, Volume , 96.1 ,Books newspapers and stationary
01/10/2019, Volume , 103.7 ,Books newspapers and stationary
01/11/2019, Volume , 113.8 ,Books newspapers and stationary
01/12/2019, Volume , 120.5 ,Books newspapers and stationary
01/01/2020, Volume , 139.4 ,Books newspapers and stationary
01/02/2020, Volume , 110.9 ,Books newspapers and stationary
01/03/2020, Volume , 69.0 ,Books newspapers and stationary
01/04/2020, Volume , 43.6 ,Books newspapers and stationary
01/05/2020, Volume , 45.7 ,Books newspapers and stationary
01/06/2020, Volume , 71.3 ,Books newspapers and stationary
01/07/2020, Volume , 99.6 ,Books newspapers and stationary
01/08/2020, Volume , 103.1 ,Books newspapers and stationary
01/09/2020, Volume , 109.7 ,Books newspapers and stationary
01/10/2020, Volume , 107.8 ,Books newspapers and stationary
01/11/2020, Volume , 70.7 ,Books newspapers and stationary
01/12/2020, Volume , 82.4 ,Books newspapers and stationary
01/01/2021, Volume , 57.2 ,Books newspapers and stationary
01/02/2021, Volume , 45.0 ,Books newspapers and stationary
01/03/2021, Volume , 41.2 ,Books newspapers and stationary
01/04/2021, Volume , 83.1 ,Books newspapers and stationary
01/05/2021, Volume , 94.0 ,Books newspapers and stationary
01/06/2021, Volume , 85.3 ,Books newspapers and stationary
01/07/2021, Volume , 89.2 ,Books newspapers and stationary
01/08/2021, Volume , 91.0 ,Books newspapers and stationary
01/09/2021, Volume , 86.0 ,Books newspapers and stationary
01/10/2021, Volume , 82.3 ,Books newspapers and stationary
01/11/2021, Volume , 83.4 ,Books newspapers and stationary
01/12/2021, Volume , 79.8 ,Books newspapers and stationary
01/01/2022, Volume , 78.7 ,Books newspapers and stationary
01/02/2022, Volume , 79.8 ,Books newspapers and stationary
01/03/2022, Volume , 82.8 ,Books newspapers and stationary
01/04/2022, Volume , 81.8 ,Books newspapers and stationary
01/05/2022, Volume , 85.9 ,Books newspapers and stationary